Video,Frame,Elbow_Angle,Shoulder_Angle,Wrist_Angle,Hip_Angle,Knee_Angle,Label
Recording 2025-03-10 131035,26,172.6663713849189,157.5601378881084,166.5063834609986,178.18103574258313,169.6388992911769,Made
