Elbow_0,Shoulder_0,Wrist_0,Hip_0,Knee_0,Elbow_1,Shoulder_1,Wrist_1,Hip_1,Knee_1,Elbow_2,Shoulder_2,Wrist_2,Hip_2,Knee_2,Elbow_3,Shoulder_3,Wrist_3,Hip_3,Knee_3,Elbow_4,Shoulder_4,Wrist_4,Hip_4,Knee_4,Elbow_5,Shoulder_5,Wrist_5,Hip_5,Knee_5,Elbow_6,Shoulder_6,Wrist_6,Hip_6,Knee_6,Elbow_7,Shoulder_7,Wrist_7,Hip_7,Knee_7,Elbow_8,Shoulder_8,Wrist_8,Hip_8,Knee_8,Elbow_9,Shoulder_9,Wrist_9,Hip_9,Knee_9,Label
90.7633506942078,77.91172030162365,168.72642900506304,175.23996131531976,153.9378139636033,133.77424160779063,122.98207496713898,171.28179639865314,179.98664032943347,162.94166533182067,116.6169954553298,107.89948786931215,172.24881872964025,179.79336185979147,168.17244990306358,26.990901734437657,13.718863371005565,167.21365200477868,179.03501519182353,172.0468302019252,152.27394846031245,142.44899141832124,172.0921598640137,175.12903036573806,175.54526371488072,142.3567042019225,139.5218213564576,177.19098135394316,179.6508044087933,173.4686342237881,158.44118384194272,148.19993087518895,170.0786339401129,178.48350584919527,176.59837571983118,158.35210862704014,146.48596602686962,170.11682877561557,174.70513048770437,178.1466656226552,161.9845096231763,149.22381401518942,169.63737349880432,174.5265714831442,178.26304128621987,162.78266097298686,149.53296139454392,169.05103203257283,176.34467412229802,179.5327417918282,Made
39.35386561693873,16.845442959823096,130.8353377745197,178.26467175830612,172.107229240328,13.62795990944465,30.12534447230083,140.74569777949029,177.1769304971526,172.9213324000573,72.93657390073365,11.83296555492329,126.12905400223546,174.00851776061285,158.98678708574252,14.946913017274708,15.028985422683007,179.85143511333916,177.26727749128042,178.10675559115143,77.9628316478106,49.71867653580961,160.0010146032146,169.1554782159679,175.71959004822256,173.31041670940985,164.28298884992742,164.02795338407984,168.10341663264913,178.42412967046118,149.32859408916391,179.67656242221264,154.9576902340331,169.16168663849024,178.03455301015222,129.2532308885183,136.971010296842,173.30157276388402,177.81750659581428,173.54694262281654,147.70421224124678,149.72001705769654,179.50586538640886,176.02852662655275,175.2884510907074,171.90369007742908,165.26479846979862,170.51144454472467,177.21415058357982,177.73735995949667,Made
