Video,Frame,Elbow_Angle,Shoulder_Angle,Wrist_Angle,Hip_Angle,Knee_Angle,Label
steph 2,7,154.45934802748715,4.772842117466444,24.50734337709784,168.86376542434834,156.51917339996243,Made
Recording 2025-03-10 131035,26,172.6663713849189,157.5601378881084,166.5063834609986,178.18103574258313,169.6388992911769,Made
